{"anti_matched_synthetic-bernox2005": {"low_harm": [1, 2, 3, 4, 5, 6, 7, 8, 9, 10, 11, 12, 13, 14, 15, 16, 17, 18, 19, 20, 21, 22, 23, 24, 25, 26, 27, 28, 29, 30], "relu_4_low_harm": [[0.037253621965646744, 0.03859575837850571, 0.037574656307697296, 0.04050393030047417, 0.03636778146028519, 0.038757793605327606, 0.04399009421467781, 0.04653637856245041, 0.038432683795690536, 0.041040144860744476, 0.04508552700281143, 0.046381060034036636, 0.05700492486357689, 0.05923113226890564, 0.06566784530878067, 0.07729945331811905, 0.06513024866580963, 0.06899639219045639, 0.0710822269320488, 0.07744496315717697, 0.06914212554693222, 0.07352149486541748, 0.08386202901601791, 0.07059094309806824, 0.1042308360338211, 0.11628173291683197, 0.07880959659814835, 0.08062668889760971, 0.08980762213468552, 0.08711470663547516], [0.057285282760858536, 0.057314224541187286, 0.05667030066251755, 0.05682792887091637, 0.061645060777664185, 0.06356071680784225, 0.06403177231550217, 0.06818739324808121, 0.06757356971502304, 0.07083272188901901, 0.07332182675600052, 0.07732449471950531, 0.08189525455236435, 0.08208548277616501, 0.0848776325583458, 0.07824528962373734, 0.08150476962327957, 0.08226132392883301, 0.08245281875133514, 0.07833264023065567, 0.08389469236135483, 0.08359032869338989, 0.07505940645933151, 0.07796306163072586, 0.07556822150945663, 0.07592242956161499, 0.0951925665140152, 0.09277607500553131, 0.088081955909729, 0.08716195076704025], [0.024229256436228752, 0.03464438393712044, 0.04126527160406113, 0.035317596048116684, 0.0526144877076149, 0.06255795061588287, 0.10328029096126556, 0.09796702861785889, 0.07985145598649979, 0.23527787625789642, 0.08148712664842606, 0.08442814648151398, 0.08019952476024628, 0.22705553472042084, 0.1299157291650772, 0.0724761039018631, 0.07718746364116669, 0.06988541036844254, 0.06912760436534882, 0.06924575567245483, 0.06903918832540512, 0.06324292719364166, 0.05656738206744194, 0.05864109471440315, 0.16085803508758545, 0.06682951003313065, 0.050916314125061035, 0.042938631027936935, 0.041108425706624985, 0.038958996534347534], [0.0443580336868763, 0.052300989627838135, 0.04366303235292435, 0.04315301775932312, 0.043223123997449875, 0.0459086038172245, 0.05065955966711044, 0.043054454028606415, 0.059327639639377594, 0.05961009860038757, 0.04614232853055, 0.04945867136120796, 0.05177140235900879, 0.055961642414331436, 0.05845927447080612, 0.05557020753622055, 0.06141694635152817, 0.0629924014210701, 0.07226385921239853, 0.06697802245616913, 0.08694887906312943, 0.07479896396398544, 0.08444597572088242, 0.06812608242034912, 0.08068952709436417, 0.08827601373195648, 0.08426481485366821, 0.08028215914964676, 0.08910375833511353, 0.08599389344453812], [0.04881671816110611, 0.04927290230989456, 0.04894069582223892, 0.0491771325469017, 0.04580659419298172, 0.04844485968351364, 0.046883512288331985, 0.05415791645646095, 0.04662520810961723, 0.05509064719080925, 0.05366916209459305, 0.05598068609833717, 0.05519864708185196, 0.06010257080197334, 0.0593586266040802, 0.06347300857305527, 0.06657104194164276, 0.06360907107591629, 0.06735215336084366, 0.06781318783760071, 0.06747948378324509, 0.06643811613321304, 0.0705285295844078, 0.07184833288192749, 0.07199704647064209, 0.06931047886610031, 0.06737030297517776, 0.06627951562404633, 0.07232023775577545, 0.0760524794459343], [0.02022474817931652, 0.01936328411102295, 0.02029414288699627, 0.020582076162099838, 0.025534983724355698, 0.02966994047164917, 0.025746366009116173, 0.032610174268484116, 0.029187584295868874, 0.030899852514266968, 0.029406357556581497, 0.029026184231042862, 0.03224145621061325, 0.03519759327173233, 0.05749053508043289, 0.051613785326480865, 0.050422303378582, 0.05633871629834175, 0.047010742127895355, 0.0507342703640461, 0.0467417910695076, 0.06087508797645569, 0.059011947363615036, 0.07579145580530167, 0.05323672667145729, 0.05605989322066307, 0.05861542373895645, 0.0756683275103569, 0.07968833297491074, 0.07686173915863037], [0.058836422860622406, 0.05783247947692871, 0.05983143672347069, 0.06095973029732704, 0.06291261315345764, 0.06592128425836563, 0.06898666173219681, 0.07654047012329102, 0.06764674186706543, 0.06878700852394104, 0.08092635869979858, 0.08442537486553192, 0.07555325329303741, 0.08172096312046051, 0.08427279442548752, 0.08617021888494492, 0.08958840370178223, 0.08931924402713776, 0.08889007568359375, 0.08811836689710617, 0.10111761093139648, 0.09820102900266647, 0.09182172268629074, 0.08768904209136963, 0.10258625447750092, 0.10051669180393219, 0.09819560497999191, 0.09958469122648239, 0.10136912763118744, 0.1019195094704628], [0.02445868030190468, 0.026213066652417183, 0.026611054316163063, 0.02949243225157261, 0.028037112206220627, 0.030375909060239792, 0.029982423409819603, 0.029635103419423103, 0.034344520419836044, 0.03265766799449921, 0.22387905418872833, 0.031495269387960434, 0.038771651685237885, 0.04276050254702568, 0.039546068757772446, 0.04274962097406387, 0.049864865839481354, 0.04358790069818497, 0.04435699060559273, 0.050361838191747665, 0.05043914541602135, 0.057708170264959335, 0.05043686553835869, 0.04884890839457512, 0.047453466802835464, 0.04650251194834709, 0.17264913022518158, 0.15841664373874664, 0.047584302723407745, 0.05247538909316063], [0.029144709929823875, 0.024925628677010536, 0.02843773551285267, 0.033775780349969864, 0.029305843636393547, 0.03556527942419052, 0.03736206889152527, 0.03789060190320015, 0.033825285732746124, 0.03256973996758461, 0.03601079434156418, 0.03581216558814049, 0.03995255380868912, 0.04105650633573532, 0.04320501908659935, 0.04285598173737526, 0.03823009133338928, 0.04254407063126564, 0.04848548769950867, 0.04751364141702652, 0.05375048890709877, 0.0580180399119854, 0.06932717561721802, 0.06628591567277908, 0.061964698135852814, 0.06800489872694016, 0.06673963367938995, 0.06517335772514343, 0.07829698175191879, 0.09101824462413788], [0.0741036981344223, 0.07655443996191025, 0.057373616844415665, 0.04492338374257088, 0.037867434322834015, 0.04118933901190758, 0.050719380378723145, 0.05278079956769943, 0.04462122917175293, 0.04241704195737839, 0.08611362427473068, 0.06115375831723213, 0.04403906315565109, 0.04511444643139839, 0.050046902149915695, 0.05132239684462547, 0.0532723143696785, 0.05441354587674141, 0.058987610042095184, 0.06390589475631714, 0.06843843311071396, 0.0664333701133728, 0.08532015234231949, 0.07254526764154434, 0.06873150169849396, 0.0717632994055748, 0.0726596936583519, 0.07168179005384445, 0.07787244021892548, 0.07986701279878616]]}, "natural_speech_music-bernox2005": {"low_harm": [1, 2, 3, 4, 5, 6, 7, 8, 9, 10, 11, 12, 13, 14, 15, 16, 17, 18, 19, 20, 21, 22, 23, 24, 25, 26, 27, 28, 29, 30],